{"train_loss": [2.0214694277698775, 1.2240488367726603, 0.9155546462393377, 0.8246765520230708, 0.7694818601902738, 0.7308376557323563, 0.7092599970885957, 0.7087926265015545, 0.6619747398621533, 0.6737771251524587, 0.6496127102954454, 0.6377270964987249, 0.6292462160150368, 0.6199373687168517, 0.6008163643073275, 0.6060768617576812, 0.5957895066752377, 0.5904852787693183, 0.5838591343615634, 0.6051773364800381, 0.5791473633858312, 0.6039994928941309, 0.577578535474154, 0.5568349768678506, 0.5458847869677372, 0.551967351678833, 0.5608290221349177, 0.5469793474887946, 0.5591719520994392, 0.5442578698771884, 0.5494821637393944, 0.5407944259296851, 0.550304778721703, 0.5388054713547468, 0.5182901503911531, 0.5204752921108231, 0.5070818570030637, 0.5236756972582691, 0.5286186615309393, 0.5087872449739046, 0.5278505316056104, 0.4978172641351403, 0.4956158229198114, 0.5100892168354703, 0.5019319704566819, 0.5029628570692473, 0.49743433540085874, 0.48775402263578665, 0.48993438624765767, 0.4858287176881653], "val_loss": [0.8712265520095825, 0.6397958817481995, 0.5041892175674438, 0.6033646101355553, 0.4189952420592308, 0.4973138183951378, 0.3344004461765289, 0.3171868596673012, 0.41583912485837937, 0.6118525137901306, 0.4642132957279682, 0.2800124422907829, 0.26379608422517775, 0.2765646769404411, 0.293038564145565, 0.2826901006400585, 0.2777695199102163, 0.30866965040564537, 0.2755613009184599, 0.34145986434817316, 0.3348289749324322, 0.3230075844526291, 0.24506731562316417, 0.2509797625392675, 0.309581927344203, 0.3305175821185112, 0.2523604117780924, 0.24000940585136413, 0.27184575553238394, 0.3485576452761889, 0.24313377982378007, 0.22599838484823703, 0.22254239451885224, 0.24086579582095147, 0.22871239836513996, 0.2299912189692259, 0.22772269216179847, 0.2899135818183422, 0.224582195058465, 0.25599811784923077, 0.22675836257636547, 0.23430276343226433, 0.2165000342130661, 0.23187871019542217, 0.23987614534795285, 0.22203345112502576, 0.22958475814759732, 0.22061417217552662, 0.2215002227425575, 0.2115951689481735], "val_dice": [0.35218891501426697, 0.5157891511917114, 0.5932479500770569, 0.5125135183334351, 0.6390184164047241, 0.5686233043670654, 0.7196778655052185, 0.7353742718696594, 0.6332294940948486, 0.4801349937915802, 0.5972145199775696, 0.7550075650215149, 0.7712497711181641, 0.7528207302093506, 0.7354737520217896, 0.7478581666946411, 0.752435564994812, 0.7238657474517822, 0.7539344429969788, 0.6930813193321228, 0.7003577351570129, 0.7115853428840637, 0.7812127470970154, 0.7774413824081421, 0.7189214825630188, 0.702438473701477, 0.7756316065788269, 0.7861599326133728, 0.7580849528312683, 0.6958566904067993, 0.7838112711906433, 0.799832820892334, 0.8012634515762329, 0.7863274216651917, 0.7971787452697754, 0.7946325540542603, 0.7977544069290161, 0.7437658905982971, 0.8005138039588928, 0.7713342308998108, 0.8009065985679626, 0.7911054491996765, 0.8075931072235107, 0.7946845889091492, 0.7867276072502136, 0.8036975860595703, 0.7954656481742859, 0.8042252063751221, 0.8041844964027405, 0.8123394846916199], "epochs": [1, 2, 3, 4, 5, 6, 7, 8, 9, 10, 11, 12, 13, 14, 15, 16, 17, 18, 19, 20, 21, 22, 23, 24, 25, 26, 27, 28, 29, 30, 31, 32, 33, 34, 35, 36, 37, 38, 39, 40, 41, 42, 43, 44, 45, 46, 47, 48, 49, 50]}