Modality,Mean Min,Mean Max,Mean,Std
FLAIR,10.06184186222171,2210.8785310984613,610.062026138295,210.97523677167376
T1,31.910078326459054,2322.991062667444,897.0268278627589,233.67895097499039
T1ce,46.3859111407934,6823.816772070625,1489.3868118464852,502.4181478099691
T2,20.121421077782866,6214.160384778115,1483.7596197111598,802.5370702486097
