{"train_loss": [2.0233371647230656], "val_loss": [0.831735762834549], "val_dice": [0.3965667486190796], "epochs": [1]}